random_id,participant_id,n
p06tycu8a34,whale,24
p0sfjew6kvk,pony,24
p2956xcvuq2,otter,24
p2pjbvjx0eq,wallaby,24
p4732xl89nm,goose,24
p4s87kqkvfc,antelope,24
p5a5napt8o8,wolf,24
p5ocq7t0cya,rabbit,24
p5yvkjgf6lq,moose,24
p6sw3wsogg9,swan,24
p758r54y2g2,raccoon,24
p89tcaflz0u,crow,24
p9cept8dst3,bear,24
pagox5o6sld,sheep,24
pbbvhd6pre0,badger,24
peauoj1dxyj,camel,24
petvnr55ggz,meerkat,24
pg7g0w6hkdm,horse,24
pgpqodcd9lu,lion,24
pj8q0htja83,koala,24
pjmqhrunboy,lemur,24
pjtw922s8ve,manatee,24
pjw6572tzu5,penguin,24
pkxg3gl71bp,fox,24
plczkkakabd,seal,24
plr5jv2dx4v,elk,24
pnarkqxgj89,frog,24
povnmw644ep,squirrel,24
ppo6hep3kw2,panda,24
pq07ukbmz22,tiger,24
pqfhqgxwzjz,calf,24
pr9t2bhpz77,tortoise,24
prg4cx8y2g1,duck,24
prpxw9ysxc8,hamster,24
psz0v7b5rj0,gazelle,24
pt1zhcln99t,goldfish,24
pu9z6qycdaa,turtle,24
puelnokvxox,cub,24
pvnnq4wcjrt,alpaca,24
px6e5h0dt0m,jaguar,24
pxqnqwc8ra7,gecko,24
pyu1onwsyps,lynx,24
pzxdrg5m16h,moose,24
